src_ip,dst_ip,src_port,dst_port,protocol,packet_length,payload_len,ttl,tcp_flags,tcp_flags_int,tcp_window,index
192.168.167.254,211.77.55.108,50232,443,TCP,66,0,64,A,16,22368,0
211.77.55.108,192.168.167.254,443,50232,TCP,2866,2800,121,PA,24,882,1
211.77.55.108,192.168.167.254,443,50232,TCP,5666,5600,121,PA,24,882,2
211.77.55.108,192.168.167.254,443,50232,TCP,5666,5600,121,PA,24,882,3
192.168.167.254,211.77.55.108,50232,443,TCP,66,0,64,A,16,22450,4
211.77.55.108,192.168.167.254,443,50232,TCP,5666,5600,121,PA,24,882,5
211.77.55.108,192.168.167.254,443,50232,TCP,5666,5600,121,PA,24,882,6
211.77.55.108,192.168.167.254,443,50232,TCP,5666,5600,121,PA,24,882,7
211.77.55.108,192.168.167.254,443,50232,TCP,5666,5600,121,PA,24,882,8
192.168.167.254,211.77.55.108,50232,443,TCP,66,0,64,A,16,22284,9
211.77.55.108,192.168.167.254,443,50232,TCP,5666,5600,121,PA,24,882,10
211.77.55.108,192.168.167.254,443,50232,TCP,5666,5600,121,PA,24,882,11
211.77.55.108,192.168.167.254,443,50232,TCP,5666,5600,121,PA,24,882,12
211.77.55.108,192.168.167.254,443,50232,TCP,2866,2800,121,PA,24,882,13
211.77.55.108,192.168.167.254,443,50232,TCP,4266,4200,121,A,16,882,14
192.168.167.254,211.77.55.108,50232,443,TCP,66,0,64,A,16,22167,15
211.77.55.108,192.168.167.254,443,50232,TCP,1466,1400,121,PA,24,882,16
211.77.55.108,192.168.167.254,443,50232,TCP,5666,5600,121,PA,24,882,17
192.168.167.254,211.77.55.108,50232,443,TCP,66,0,64,A,16,22429,18
211.77.55.108,192.168.167.254,443,50232,TCP,1466,1400,121,A,16,882,19
211.77.55.108,192.168.167.254,443,50232,TCP,2866,2800,121,A,16,882,20
192.168.167.254,211.77.55.108,50232,443,TCP,66,0,64,A,16,22450,21
211.77.55.108,192.168.167.254,443,50232,TCP,1466,1400,121,PA,24,882,22
211.77.55.108,192.168.167.254,443,50232,TCP,5666,5600,121,PA,24,882,23
211.77.55.108,192.168.167.254,443,50232,TCP,5666,5600,121,PA,24,882,24
211.77.55.108,192.168.167.254,443,50232,TCP,5666,5600,121,PA,24,882,25
211.77.55.108,192.168.167.254,443,50232,TCP,5666,5600,121,PA,24,882,26
211.77.55.108,192.168.167.254,443,50232,TCP,5666,5600,121,PA,24,882,27
192.168.167.254,211.77.55.108,50232,443,TCP,66,0,64,A,16,22319,28
211.77.55.108,192.168.167.254,443,50232,TCP,5666,5600,121,PA,24,882,29
211.77.55.108,192.168.167.254,443,50232,TCP,2866,2800,121,A,16,882,30
192.168.167.254,211.77.55.108,50232,443,TCP,66,0,64,A,16,22436,31
192.168.167.254,211.77.55.108,50232,443,TCP,66,0,64,A,16,22464,32
211.77.55.108,192.168.167.254,443,50232,TCP,2866,2800,121,PA,24,882,33
192.168.167.254,211.77.55.108,50232,443,TCP,66,0,64,A,16,22450,34
211.77.55.108,192.168.167.254,443,50232,TCP,2866,2800,121,A,16,882,35
192.168.167.254,211.77.55.108,50232,443,TCP,66,0,64,A,16,22450,36
211.77.55.108,192.168.167.254,443,50232,TCP,2866,2800,121,PA,24,882,37
211.77.55.108,192.168.167.254,443,50232,TCP,2866,2800,121,PA,24,882,38
211.77.55.108,192.168.167.254,443,50232,TCP,5666,5600,121,PA,24,882,39
192.168.167.254,211.77.55.108,50232,443,TCP,66,0,64,A,16,22450,40
211.77.55.108,192.168.167.254,443,50232,TCP,5666,5600,121,PA,24,882,41
211.77.55.108,192.168.167.254,443,50232,TCP,5666,5600,121,PA,24,882,42
211.77.55.108,192.168.167.254,443,50232,TCP,5666,5600,121,PA,24,882,43
211.77.55.108,192.168.167.254,443,50232,TCP,5666,5600,121,PA,24,882,44
211.77.55.108,192.168.167.254,443,50232,TCP,5666,5600,121,PA,24,882,45
211.77.55.108,192.168.167.254,443,50232,TCP,4266,4200,121,A,16,882,46
192.168.167.254,211.77.55.108,50232,443,TCP,66,0,64,A,16,22250,47
211.77.55.108,192.168.167.254,443,50232,TCP,1466,1400,121,PA,24,882,48
211.77.55.108,192.168.167.254,443,50232,TCP,5666,5600,121,PA,24,882,49
211.77.55.108,192.168.167.254,443,50232,TCP,5666,5600,121,PA,24,882,50
192.168.167.254,211.77.55.108,50232,443,TCP,66,0,64,A,16,22429,51
211.77.55.108,192.168.167.254,443,50232,TCP,5666,5600,121,PA,24,882,52
211.77.55.108,192.168.167.254,443,50232,TCP,5666,5600,121,PA,24,882,53
211.77.55.108,192.168.167.254,443,50232,TCP,2866,2800,121,PA,24,882,54
211.77.55.108,192.168.167.254,443,50232,TCP,5666,5600,121,PA,24,882,55
211.77.55.108,192.168.167.254,443,50232,TCP,5666,5600,121,PA,24,882,56
211.77.55.108,192.168.167.254,443,50232,TCP,1466,1400,121,A,16,882,57
192.168.167.254,211.77.55.108,50232,443,TCP,66,0,64,A,16,22271,58
211.77.55.108,192.168.167.254,443,50232,TCP,4266,4200,121,PA,24,882,59
211.77.55.108,192.168.167.254,443,50232,TCP,5666,5600,121,PA,24,882,60
211.77.55.108,192.168.167.254,443,50232,TCP,5666,5600,121,PA,24,882,61
211.77.55.108,192.168.167.254,443,50232,TCP,4266,4200,121,A,16,882,62
192.168.167.254,211.77.55.108,50232,443,TCP,66,0,64,A,16,22174,63
211.77.55.108,192.168.167.254,443,50232,TCP,1466,1400,121,PA,24,882,64
211.77.55.108,192.168.167.254,443,50232,TCP,5666,5600,121,PA,24,882,65
211.77.55.108,192.168.167.254,443,50232,TCP,5666,5600,121,PA,24,882,66
192.168.167.254,211.77.55.108,50232,443,TCP,66,0,64,A,16,22429,67
211.77.55.108,192.168.167.254,443,50232,TCP,4266,4200,121,A,16,882,68
192.168.167.254,211.77.55.108,50232,443,TCP,66,0,64,A,16,22381,69
211.77.55.108,192.168.167.254,443,50232,TCP,1466,1400,121,PA,24,882,70
211.77.55.108,192.168.167.254,443,50232,TCP,5666,5600,121,PA,24,882,71
211.77.55.108,192.168.167.254,443,50232,TCP,5666,5600,121,PA,24,882,72
192.168.167.254,211.77.55.108,50232,443,TCP,66,0,64,A,16,22429,73
211.77.55.108,192.168.167.254,443,50232,TCP,2866,2800,121,PA,24,882,74
192.168.167.254,211.77.55.108,50232,443,TCP,66,0,64,A,16,22388,75
211.77.55.108,192.168.167.254,443,50232,TCP,5666,5600,121,PA,24,882,76
211.77.55.108,192.168.167.254,443,50232,TCP,1466,1400,121,A,16,882,77
192.168.167.254,211.77.55.108,50232,443,TCP,66,0,64,A,16,22436,78
211.77.55.108,192.168.167.254,443,50232,TCP,4266,4200,121,PA,24,882,79
211.77.55.108,192.168.167.254,443,50232,TCP,5666,5600,121,PA,24,882,80
211.77.55.108,192.168.167.254,443,50232,TCP,4266,4200,121,A,16,882,81
192.168.167.254,211.77.55.108,50232,443,TCP,66,0,64,A,16,22443,82
192.168.167.254,211.77.55.108,50232,443,TCP,66,0,64,A,16,22395,83
211.77.55.108,192.168.167.254,443,50232,TCP,1466,1400,121,PA,24,882,84
211.77.55.108,192.168.167.254,443,50232,TCP,5666,5600,121,PA,24,882,85
211.77.55.108,192.168.167.254,443,50232,TCP,5666,5600,121,PA,24,882,86
192.168.167.254,211.77.55.108,50232,443,TCP,66,0,64,A,16,22429,87
211.77.55.108,192.168.167.254,443,50232,TCP,5666,5600,121,PA,24,882,88
211.77.55.108,192.168.167.254,443,50232,TCP,5666,5600,121,PA,24,882,89
211.77.55.108,192.168.167.254,443,50232,TCP,5666,5600,121,PA,24,882,90
211.77.55.108,192.168.167.254,443,50232,TCP,5666,5600,121,PA,24,882,91
211.77.55.108,192.168.167.254,443,50232,TCP,5666,5600,121,PA,24,882,92
211.77.55.108,192.168.167.254,443,50232,TCP,2866,2800,121,PA,24,882,93
211.77.55.108,192.168.167.254,443,50232,TCP,4266,4200,121,A,16,882,94
192.168.167.254,211.77.55.108,50232,443,TCP,66,0,64,A,16,22230,95
211.77.55.108,192.168.167.254,443,50232,TCP,1466,1400,121,PA,24,882,96
211.77.55.108,192.168.167.254,443,50232,TCP,4266,4200,121,A,16,882,97
192.168.167.254,211.77.55.108,50232,443,TCP,66,0,64,A,16,22436,98
211.77.55.108,192.168.167.254,443,50232,TCP,1466,1400,121,PA,24,882,99
211.77.55.108,192.168.167.254,443,50232,TCP,2866,2800,121,A,16,882,100
192.168.167.254,211.77.55.108,50232,443,TCP,66,0,64,A,16,22443,101
211.77.55.108,192.168.167.254,443,50232,TCP,2866,2800,121,PA,24,882,102
211.77.55.108,192.168.167.254,443,50232,TCP,5666,5600,121,PA,24,882,103
192.168.167.254,211.77.55.108,50232,443,TCP,66,0,64,A,16,22450,104
192.168.167.254,211.77.55.108,50232,443,TCP,66,0,64,A,16,22464,105
211.77.55.108,192.168.167.254,443,50232,TCP,2866,2800,121,A,16,882,106
192.168.167.254,211.77.55.108,50232,443,TCP,66,0,64,A,16,22464,107
211.77.55.108,192.168.167.254,443,50232,TCP,2866,2800,121,PA,24,882,108
211.77.55.108,192.168.167.254,443,50232,TCP,5666,5600,121,PA,24,882,109
211.77.55.108,192.168.167.254,443,50232,TCP,5666,5600,121,PA,24,882,110
211.77.55.108,192.168.167.254,443,50232,TCP,5666,5600,121,PA,24,882,111
211.77.55.108,192.168.167.254,443,50232,TCP,5666,5600,121,PA,24,882,112
211.77.55.108,192.168.167.254,443,50232,TCP,5666,5600,121,PA,24,882,113
211.77.55.108,192.168.167.254,443,50232,TCP,2417,2351,121,PA,24,882,114
192.168.167.254,211.77.55.108,50232,443,TCP,66,0,64,A,16,22298,115
192.168.167.52,192.168.167.254,2335,80,TCP,60,0,64,A,16,512,116
192.168.167.254,192.168.167.52,80,2335,TCP,54,0,64,R,4,0,117
192.168.167.254,211.77.55.108,50232,443,TCP,2866,2800,64,PA,24,22464,118
192.168.167.254,211.77.55.108,50232,443,TCP,766,700,64,PA,24,22464,119
211.77.55.108,192.168.167.254,443,50232,TCP,66,0,121,A,16,882,120
211.77.55.108,192.168.167.254,443,50232,TCP,66,0,121,A,16,877,121
211.77.55.108,192.168.167.254,443,50232,TCP,66,0,121,A,16,877,122
211.77.55.108,192.168.167.254,443,50232,TCP,1544,1478,121,PA,24,882,123
211.77.55.108,192.168.167.254,443,50232,TCP,93,27,121,PA,24,882,124
192.168.167.254,211.77.55.108,50232,443,TCP,66,0,64,A,16,22453,125
192.168.167.254,211.77.55.108,50232,443,TCP,66,0,64,A,16,22453,126
192.168.167.52,192.168.167.254,2336,80,TCP,60,0,64,A,16,512,127
192.168.167.254,192.168.167.52,80,2336,TCP,54,0,64,R,4,0,128
192.168.167.52,192.168.167.254,2337,80,TCP,60,0,64,A,16,512,131
192.168.167.254,192.168.167.52,80,2337,TCP,54,0,64,R,4,0,132
192.168.167.52,192.168.167.254,2338,80,TCP,60,0,64,A,16,512,133
192.168.167.254,192.168.167.52,80,2338,TCP,54,0,64,R,4,0,134
192.168.167.254,34.107.221.82,41862,80,TCP,66,0,64,A,16,249,135
192.168.167.254,34.107.221.82,41868,80,TCP,66,0,64,A,16,249,136
34.107.221.82,192.168.167.254,80,41862,TCP,66,0,116,A,16,1050,137
34.107.221.82,192.168.167.254,80,41868,TCP,66,0,115,A,16,1050,138
192.168.167.52,192.168.167.254,2339,80,TCP,60,0,64,A,16,512,139
192.168.167.254,192.168.167.52,80,2339,TCP,54,0,64,R,4,0,140
192.168.167.254,211.77.55.108,50232,443,TCP,2866,2800,64,PA,24,22464,143
192.168.167.254,211.77.55.108,50232,443,TCP,766,700,64,PA,24,22464,144
211.77.55.108,192.168.167.254,443,50232,TCP,66,0,121,A,16,882,145
211.77.55.108,192.168.167.254,443,50232,TCP,66,0,121,A,16,877,146
211.77.55.108,192.168.167.254,443,50232,TCP,66,0,121,A,16,877,147
211.77.55.108,192.168.167.254,443,50232,TCP,1541,1475,121,PA,24,882,148
211.77.55.108,192.168.167.254,443,50232,TCP,5666,5600,121,PA,24,882,149
192.168.167.254,211.77.55.108,50232,443,TCP,66,0,64,A,16,22453,150
192.168.167.254,211.77.55.108,50232,443,TCP,66,0,64,A,16,22426,151
211.77.55.108,192.168.167.254,443,50232,TCP,5666,5600,121,PA,24,882,152
211.77.55.108,192.168.167.254,443,50232,TCP,5666,5600,121,PA,24,882,153
192.168.167.254,211.77.55.108,50232,443,TCP,66,0,64,A,16,22398,154
192.168.167.254,211.77.55.108,50232,443,TCP,66,0,64,A,16,22371,155
211.77.55.108,192.168.167.254,443,50232,TCP,5666,5600,121,PA,24,882,156
211.77.55.108,192.168.167.254,443,50232,TCP,5666,5600,121,PA,24,882,157
192.168.167.254,211.77.55.108,50232,443,TCP,66,0,64,A,16,22343,158
192.168.167.254,211.77.55.108,50232,443,TCP,66,0,64,A,16,22315,159
211.77.55.108,192.168.167.254,443,50232,TCP,5666,5600,121,PA,24,882,160
211.77.55.108,192.168.167.254,443,50232,TCP,1466,1400,121,A,16,882,161
192.168.167.254,211.77.55.108,50232,443,TCP,66,0,64,A,16,22288,162
192.168.167.254,211.77.55.108,50232,443,TCP,66,0,64,A,16,22281,163
211.77.55.108,192.168.167.254,443,50232,TCP,4266,4200,121,PA,24,882,164
192.168.167.254,211.77.55.108,50232,443,TCP,66,0,64,A,16,22443,165
211.77.55.108,192.168.167.254,443,50232,TCP,4266,4200,121,A,16,882,166
192.168.167.254,211.77.55.108,50232,443,TCP,66,0,64,A,16,22443,167
211.77.55.108,192.168.167.254,443,50232,TCP,1466,1400,121,PA,24,882,168
192.168.167.254,211.77.55.108,50232,443,TCP,66,0,64,A,16,22457,169
211.77.55.108,192.168.167.254,443,50232,TCP,2866,2800,121,A,16,882,170
192.168.167.254,211.77.55.108,50232,443,TCP,66,0,64,A,16,22450,171
211.77.55.108,192.168.167.254,443,50232,TCP,2866,2800,121,PA,24,882,172
211.77.55.108,192.168.167.254,443,50232,TCP,5666,5600,121,PA,24,882,173
211.77.55.108,192.168.167.254,443,50232,TCP,5666,5600,121,PA,24,882,174
192.168.167.254,211.77.55.108,50232,443,TCP,66,0,64,A,16,22450,175
192.168.167.254,211.77.55.108,50232,443,TCP,66,0,64,A,16,22422,176
192.168.167.254,211.77.55.108,50232,443,TCP,66,0,64,A,16,22395,177
211.77.55.108,192.168.167.254,443,50232,TCP,5666,5600,121,PA,24,882,178
192.168.167.254,211.77.55.108,50232,443,TCP,66,0,64,A,16,22368,179
211.77.55.108,192.168.167.254,443,50232,TCP,2866,2800,121,A,16,882,180
192.168.167.254,211.77.55.108,50232,443,TCP,66,0,64,A,16,22450,181
211.77.55.108,192.168.167.254,443,50232,TCP,2866,2800,121,PA,24,882,182
211.77.55.108,192.168.167.254,443,50232,TCP,5666,5600,121,PA,24,882,183
211.77.55.108,192.168.167.254,443,50232,TCP,2866,2800,121,PA,24,882,184
192.168.167.254,211.77.55.108,50232,443,TCP,66,0,64,A,16,22450,185
192.168.167.254,211.77.55.108,50232,443,TCP,66,0,64,A,16,22464,186
211.77.55.108,192.168.167.254,443,50232,TCP,2866,2800,121,A,16,882,187
192.168.167.254,211.77.55.108,50232,443,TCP,66,0,64,A,16,22450,188
211.77.55.108,192.168.167.254,443,50232,TCP,2866,2800,121,PA,24,882,189
211.77.55.108,192.168.167.254,443,50232,TCP,5666,5600,121,PA,24,882,190
192.168.167.254,211.77.55.108,50232,443,TCP,66,0,64,A,16,22450,191
192.168.167.254,211.77.55.108,50232,443,TCP,66,0,64,A,16,22464,192
211.77.55.108,192.168.167.254,443,50232,TCP,2866,2800,121,A,16,882,193
192.168.167.254,211.77.55.108,50232,443,TCP,66,0,64,A,16,22464,194
211.77.55.108,192.168.167.254,443,50232,TCP,2866,2800,121,PA,24,882,195
192.168.167.254,211.77.55.108,50232,443,TCP,66,0,64,A,16,22464,196
211.77.55.108,192.168.167.254,443,50232,TCP,2866,2800,121,A,16,882,197
192.168.167.254,211.77.55.108,50232,443,TCP,66,0,64,A,16,22450,198
211.77.55.108,192.168.167.254,443,50232,TCP,1466,1400,121,A,16,882,199
211.77.55.108,192.168.167.254,443,50232,TCP,1466,1400,121,PA,24,882,200
211.77.55.108,192.168.167.254,443,50232,TCP,5666,5600,121,PA,24,882,201
192.168.167.254,211.77.55.108,50232,443,TCP,66,0,64,A,16,22457,202
192.168.167.254,211.77.55.108,50232,443,TCP,66,0,64,A,16,22464,203
211.77.55.108,192.168.167.254,443,50232,TCP,5666,5600,121,PA,24,882,204
211.77.55.108,192.168.167.254,443,50232,TCP,5666,5600,121,PA,24,882,205
211.77.55.108,192.168.167.254,443,50232,TCP,5666,5600,121,PA,24,882,206
211.77.55.108,192.168.167.254,443,50232,TCP,2866,2800,121,A,16,882,207
192.168.167.254,211.77.55.108,50232,443,TCP,66,0,64,A,16,22368,208
211.77.55.108,192.168.167.254,443,50232,TCP,2866,2800,121,PA,24,882,209
192.168.167.254,211.77.55.108,50232,443,TCP,66,0,64,A,16,22450,210
211.77.55.108,192.168.167.254,443,50232,TCP,2866,2800,121,A,16,882,211
192.168.167.254,211.77.55.108,50232,443,TCP,66,0,64,A,16,22450,212
211.77.55.108,192.168.167.254,443,50232,TCP,2866,2800,121,PA,24,882,213
211.77.55.108,192.168.167.254,443,50232,TCP,5666,5600,121,PA,24,882,214
211.77.55.108,192.168.167.254,443,50232,TCP,2866,2800,121,PA,24,882,215
192.168.167.254,211.77.55.108,50232,443,TCP,66,0,64,A,16,22450,216
192.168.167.254,211.77.55.108,50232,443,TCP,66,0,64,A,16,22464,217
211.77.55.108,192.168.167.254,443,50232,TCP,2866,2800,121,A,16,882,218
192.168.167.254,211.77.55.108,50232,443,TCP,66,0,64,A,16,22450,219
211.77.55.108,192.168.167.254,443,50232,TCP,2866,2800,121,PA,24,882,220
211.77.55.108,192.168.167.254,443,50232,TCP,2866,2800,121,A,16,882,221
192.168.167.254,211.77.55.108,50232,443,TCP,66,0,64,A,16,22450,222
192.168.167.254,211.77.55.108,50232,443,TCP,66,0,64,A,16,22464,223
211.77.55.108,192.168.167.254,443,50232,TCP,2866,2800,121,PA,24,882,224
211.77.55.108,192.168.167.254,443,50232,TCP,5666,5600,121,PA,24,882,225
211.77.55.108,192.168.167.254,443,50232,TCP,5666,5600,121,PA,24,882,226
211.77.55.108,192.168.167.254,443,50232,TCP,5666,5600,121,PA,24,882,227
211.77.55.108,192.168.167.254,443,50232,TCP,5666,5600,121,PA,24,882,228
211.77.55.108,192.168.167.254,443,50232,TCP,5666,5600,121,PA,24,882,229
211.77.55.108,192.168.167.254,443,50232,TCP,5666,5600,121,PA,24,882,230
211.77.55.108,192.168.167.254,443,50232,TCP,5666,5600,121,PA,24,882,231
192.168.167.254,211.77.55.108,50232,443,TCP,66,0,64,A,16,22257,232
211.77.55.108,192.168.167.254,443,50232,TCP,2866,2800,121,A,16,882,233
192.168.167.254,211.77.55.108,50232,443,TCP,66,0,64,A,16,22450,234
211.77.55.108,192.168.167.254,443,50232,TCP,2866,2800,121,PA,24,882,235
192.168.167.254,211.77.55.108,50232,443,TCP,66,0,64,A,16,22436,236
211.77.55.108,192.168.167.254,443,50232,TCP,5666,5600,121,PA,24,882,237
192.168.167.254,211.77.55.108,50232,443,TCP,66,0,64,A,16,22436,238
211.77.55.108,192.168.167.254,443,50232,TCP,2866,2800,121,PA,24,882,239
211.77.55.108,192.168.167.254,443,50232,TCP,2866,2800,121,A,16,882,240
192.168.167.254,211.77.55.108,50232,443,TCP,66,0,64,A,16,22450,241
192.168.167.254,211.77.55.108,50232,443,TCP,66,0,64,A,16,22464,242
211.77.55.108,192.168.167.254,443,50232,TCP,2866,2800,121,PA,24,882,243
192.168.167.254,211.77.55.108,50232,443,TCP,66,0,64,A,16,22450,244
211.77.55.108,192.168.167.254,443,50232,TCP,5666,5600,121,PA,24,882,245
211.77.55.108,192.168.167.254,443,50232,TCP,2866,2800,121,A,16,882,246
192.168.167.254,211.77.55.108,50232,443,TCP,66,0,64,A,16,22464,247
211.77.55.108,192.168.167.254,443,50232,TCP,2866,2800,121,PA,24,882,248
211.77.55.108,192.168.167.254,443,50232,TCP,5666,5600,121,PA,24,882,249
211.77.55.108,192.168.167.254,443,50232,TCP,5666,5600,121,PA,24,882,250
211.77.55.108,192.168.167.254,443,50232,TCP,5666,5600,121,PA,24,882,251
211.77.55.108,192.168.167.254,443,50232,TCP,5666,5600,121,PA,24,882,252
192.168.167.254,211.77.55.108,50232,443,TCP,66,0,64,A,16,22340,253
211.77.55.108,192.168.167.254,443,50232,TCP,5666,5600,121,PA,24,882,254
211.77.55.108,192.168.167.254,443,50232,TCP,5666,5600,121,PA,24,882,255
192.168.167.254,211.77.55.108,50232,443,TCP,66,0,64,A,16,22436,256
192.168.167.254,211.77.55.108,50232,443,TCP,66,0,64,A,16,22464,257
211.77.55.108,192.168.167.254,443,50232,TCP,5666,5600,121,PA,24,882,258
211.77.55.108,192.168.167.254,443,50232,TCP,5666,5600,121,PA,24,882,259
211.77.55.108,192.168.167.254,443,50232,TCP,2866,2800,121,PA,24,882,260
192.168.167.254,211.77.55.108,50232,443,TCP,66,0,64,A,16,22395,261
211.77.55.108,192.168.167.254,443,50232,TCP,5666,5600,121,PA,24,882,262
211.77.55.108,192.168.167.254,443,50232,TCP,5666,5600,121,PA,24,882,263
192.168.167.254,211.77.55.108,50232,443,TCP,66,0,64,A,16,22436,264
211.77.55.108,192.168.167.254,443,50232,TCP,5666,5600,121,PA,24,882,265
211.77.55.108,192.168.167.254,443,50232,TCP,5666,5600,121,PA,24,882,266
211.77.55.108,192.168.167.254,443,50232,TCP,5666,5600,121,PA,24,882,267
211.77.55.108,192.168.167.254,443,50232,TCP,5666,5600,121,PA,24,882,268
211.77.55.108,192.168.167.254,443,50232,TCP,5666,5600,121,PA,24,882,269
211.77.55.108,192.168.167.254,443,50232,TCP,5666,5600,121,PA,24,882,270
211.77.55.108,192.168.167.254,443,50232,TCP,5666,5600,121,PA,24,882,271
211.77.55.108,192.168.167.254,443,50232,TCP,5666,5600,121,PA,24,882,272
211.77.55.108,192.168.167.254,443,50232,TCP,2866,2800,121,A,16,882,273
192.168.167.254,211.77.55.108,50232,443,TCP,66,0,64,A,16,22174,274
211.77.55.108,192.168.167.254,443,50232,TCP,2866,2800,121,PA,24,882,275
211.77.55.108,192.168.167.254,443,50232,TCP,2866,2800,121,PA,24,882,276
211.77.55.108,192.168.167.254,443,50232,TCP,5666,5600,121,PA,24,882,277
192.168.167.254,211.77.55.108,50232,443,TCP,66,0,64,A,16,22450,278
211.77.55.108,192.168.167.254,443,50232,TCP,5666,5600,121,PA,24,882,279
211.77.55.108,192.168.167.254,443,50232,TCP,5666,5600,121,PA,24,882,280
211.77.55.108,192.168.167.254,443,50232,TCP,5666,5600,121,PA,24,882,281
211.77.55.108,192.168.167.254,443,50232,TCP,5666,5600,121,PA,24,882,282
211.77.55.108,192.168.167.254,443,50232,TCP,5666,5600,121,PA,24,882,283
211.77.55.108,192.168.167.254,443,50232,TCP,5666,5600,121,PA,24,882,284
211.77.55.108,192.168.167.254,443,50232,TCP,5666,5600,121,PA,24,882,285
211.77.55.108,192.168.167.254,443,50232,TCP,5666,5600,121,PA,24,882,286
211.77.55.108,192.168.167.254,443,50232,TCP,2866,2800,121,A,16,882,287
192.168.167.254,211.77.55.108,50232,443,TCP,66,0,64,A,16,22174,288
211.77.55.108,192.168.167.254,443,50232,TCP,2866,2800,121,PA,24,882,289
211.77.55.108,192.168.167.254,443,50232,TCP,5666,5600,121,PA,24,882,290
211.77.55.108,192.168.167.254,443,50232,TCP,2866,2800,121,PA,24,882,291
192.168.167.254,211.77.55.108,50232,443,TCP,66,0,64,A,16,22450,292
211.77.55.108,192.168.167.254,443,50232,TCP,5666,5600,121,PA,24,882,293
211.77.55.108,192.168.167.254,443,50232,TCP,5666,5600,121,PA,24,882,294
211.77.55.108,192.168.167.254,443,50232,TCP,5666,5600,121,PA,24,882,295
211.77.55.108,192.168.167.254,443,50232,TCP,5666,5600,121,PA,24,882,296
211.77.55.108,192.168.167.254,443,50232,TCP,5666,5600,121,PA,24,882,297
211.77.55.108,192.168.167.254,443,50232,TCP,5666,5600,121,PA,24,882,298
211.77.55.108,192.168.167.254,443,50232,TCP,5666,5600,121,PA,24,882,299
211.77.55.108,192.168.167.254,443,50232,TCP,5666,5600,121,PA,24,882,300
211.77.55.108,192.168.167.254,443,50232,TCP,2866,2800,121,A,16,882,301
192.168.167.254,211.77.55.108,50232,443,TCP,66,0,64,A,16,22174,302
211.77.55.108,192.168.167.254,443,50232,TCP,2866,2800,121,PA,24,882,303
211.77.55.108,192.168.167.254,443,50232,TCP,5666,5600,121,PA,24,882,304
192.168.167.254,211.77.55.108,50232,443,TCP,66,0,64,A,16,22450,305
192.168.167.254,211.77.55.108,50232,443,TCP,66,0,64,A,16,22464,306
211.77.55.108,192.168.167.254,443,50232,TCP,5666,5600,121,PA,24,882,307
211.77.55.108,192.168.167.254,443,50232,TCP,2866,2800,121,PA,24,882,308
211.77.55.108,192.168.167.254,443,50232,TCP,5666,5600,121,PA,24,882,309
211.77.55.108,192.168.167.254,443,50232,TCP,5666,5600,121,PA,24,882,310
211.77.55.108,192.168.167.254,443,50232,TCP,5666,5600,121,PA,24,882,311
211.77.55.108,192.168.167.254,443,50232,TCP,5666,5600,121,PA,24,882,312
211.77.55.108,192.168.167.254,443,50232,TCP,5666,5600,121,PA,24,882,313
211.77.55.108,192.168.167.254,443,50232,TCP,5666,5600,121,PA,24,882,314
211.77.55.108,192.168.167.254,443,50232,TCP,5666,5600,121,PA,24,882,315
211.77.55.108,192.168.167.254,443,50232,TCP,2866,2800,121,A,16,882,316
192.168.167.254,211.77.55.108,50232,443,TCP,66,0,64,A,16,22216,317
211.77.55.108,192.168.167.254,443,50232,TCP,2866,2800,121,PA,24,882,318
211.77.55.108,192.168.167.254,443,50232,TCP,5666,5600,121,PA,24,882,319
211.77.55.108,192.168.167.254,443,50232,TCP,5666,5600,121,PA,24,882,320
192.168.167.254,211.77.55.108,50232,443,TCP,66,0,64,A,16,22450,321
211.77.55.108,192.168.167.254,443,50232,TCP,5666,5600,121,PA,24,882,322
211.77.55.108,192.168.167.254,443,50232,TCP,2866,2800,121,PA,24,882,323
211.77.55.108,192.168.167.254,443,50232,TCP,5666,5600,121,PA,24,882,324
211.77.55.108,192.168.167.254,443,50232,TCP,5666,5600,121,PA,24,882,325
211.77.55.108,192.168.167.254,443,50232,TCP,5666,5600,121,PA,24,882,326
211.77.55.108,192.168.167.254,443,50232,TCP,5666,5600,121,PA,24,882,327
211.77.55.108,192.168.167.254,443,50232,TCP,5666,5600,121,PA,24,882,328
192.168.167.254,211.77.55.108,50232,443,TCP,66,0,64,A,16,22215,329
211.77.55.108,192.168.167.254,443,50232,TCP,2866,2800,121,A,16,882,330
192.168.167.254,211.77.55.108,50232,443,TCP,66,0,64,A,16,22450,331
211.77.55.108,192.168.167.254,443,50232,TCP,2866,2800,121,PA,24,882,332
192.168.167.254,211.77.55.108,50232,443,TCP,66,0,64,A,16,22436,333
211.77.55.108,192.168.167.254,443,50232,TCP,2866,2800,121,A,16,882,334
192.168.167.254,211.77.55.108,50232,443,TCP,66,0,64,A,16,22450,335
211.77.55.108,192.168.167.254,443,50232,TCP,2866,2800,121,PA,24,882,336
211.77.55.108,192.168.167.254,443,50232,TCP,2866,2800,121,A,16,882,337
192.168.167.254,211.77.55.108,50232,443,TCP,66,0,64,A,16,22450,338
192.168.167.254,211.77.55.108,50232,443,TCP,66,0,64,A,16,22464,339
211.77.55.108,192.168.167.254,443,50232,TCP,2866,2800,121,PA,24,882,340
211.77.55.108,192.168.167.254,443,50232,TCP,5666,5600,121,PA,24,882,341
211.77.55.108,192.168.167.254,443,50232,TCP,5666,5600,121,PA,24,882,342
211.77.55.108,192.168.167.254,443,50232,TCP,5666,5600,121,PA,24,882,343
192.168.167.254,211.77.55.108,50232,443,TCP,66,0,64,A,16,22368,344
211.77.55.108,192.168.167.254,443,50232,TCP,2866,2800,121,PA,24,882,345
211.77.55.108,192.168.167.254,443,50232,TCP,2866,2800,121,A,16,882,346
192.168.167.254,211.77.55.108,50232,443,TCP,66,0,64,A,16,22450,347
192.168.167.254,211.77.55.108,50232,443,TCP,66,0,64,A,16,22464,348
211.77.55.108,192.168.167.254,443,50232,TCP,2866,2800,121,PA,24,882,349
211.77.55.108,192.168.167.254,443,50232,TCP,5666,5600,121,PA,24,882,350
211.77.55.108,192.168.167.254,443,50232,TCP,5666,5600,121,PA,24,882,351
211.77.55.108,192.168.167.254,443,50232,TCP,5666,5600,121,PA,24,882,352
211.77.55.108,192.168.167.254,443,50232,TCP,5666,5600,121,PA,24,882,353
211.77.55.108,192.168.167.254,443,50232,TCP,5666,5600,121,PA,24,882,354
211.77.55.108,192.168.167.254,443,50232,TCP,5666,5600,121,PA,24,882,355
211.77.55.108,192.168.167.254,443,50232,TCP,5666,5600,121,PA,24,882,356
211.77.55.108,192.168.167.254,443,50232,TCP,5666,5600,121,PA,24,882,357
211.77.55.108,192.168.167.254,443,50232,TCP,5666,5600,121,PA,24,882,358
211.77.55.108,192.168.167.254,443,50232,TCP,5666,5600,121,PA,24,882,359
192.168.167.254,211.77.55.108,50232,443,TCP,66,0,64,A,16,22174,360
211.77.55.108,192.168.167.254,443,50232,TCP,2866,2800,121,PA,24,882,361
211.77.55.108,192.168.167.254,443,50232,TCP,5666,5600,121,PA,24,882,362
211.77.55.108,192.168.167.254,443,50232,TCP,5666,5600,121,PA,24,882,363
192.168.167.254,211.77.55.108,50232,443,TCP,66,0,64,A,16,22450,364
211.77.55.108,192.168.167.254,443,50232,TCP,5666,5600,121,PA,24,882,365
211.77.55.108,192.168.167.254,443,50232,TCP,5666,5600,121,PA,24,882,366
211.77.55.108,192.168.167.254,443,50232,TCP,5666,5600,121,PA,24,882,367
211.77.55.108,192.168.167.254,443,50232,TCP,5666,5600,121,PA,24,882,368
211.77.55.108,192.168.167.254,443,50232,TCP,5666,5600,121,PA,24,882,369
211.77.55.108,192.168.167.254,443,50232,TCP,5666,5600,121,PA,24,882,370
211.77.55.108,192.168.167.254,443,50232,TCP,5666,5600,121,PA,24,882,371
211.77.55.108,192.168.167.254,443,50232,TCP,5666,5600,121,PA,24,882,372
211.77.55.108,192.168.167.254,443,50232,TCP,1466,1400,121,A,16,882,373
192.168.167.254,211.77.55.108,50232,443,TCP,66,0,64,A,16,22167,374
211.77.55.108,192.168.167.254,443,50232,TCP,4266,4200,121,PA,24,882,375
211.77.55.108,192.168.167.254,443,50232,TCP,2866,2800,121,PA,24,882,376
211.77.55.108,192.168.167.254,443,50232,TCP,5666,5600,121,PA,24,882,377
192.168.167.254,211.77.55.108,50232,443,TCP,66,0,64,A,16,22443,378
211.77.55.108,192.168.167.254,443,50232,TCP,2866,2800,121,A,16,882,379
192.168.167.254,211.77.55.108,50232,443,TCP,66,0,64,A,16,22388,380
211.77.55.108,192.168.167.254,443,50232,TCP,2866,2800,121,PA,24,882,381
192.168.167.254,211.77.55.108,50232,443,TCP,66,0,64,A,16,22450,382
211.77.55.108,192.168.167.254,443,50232,TCP,2866,2800,121,A,16,882,383
192.168.167.254,211.77.55.108,50232,443,TCP,66,0,64,A,16,22450,384
211.77.55.108,192.168.167.254,443,50232,TCP,2866,2800,121,PA,24,882,385
211.77.55.108,192.168.167.254,443,50232,TCP,2866,2800,121,A,16,882,386
192.168.167.254,211.77.55.108,50232,443,TCP,66,0,64,A,16,22450,387
192.168.167.254,211.77.55.108,50232,443,TCP,66,0,64,A,16,22464,388
211.77.55.108,192.168.167.254,443,50232,TCP,2866,2800,121,PA,24,882,389
192.168.167.254,211.77.55.108,50232,443,TCP,66,0,64,A,16,22464,390
211.77.55.108,192.168.167.254,443,50232,TCP,2866,2800,121,A,16,882,391
192.168.167.254,211.77.55.108,50232,443,TCP,66,0,64,A,16,22450,392
211.77.55.108,192.168.167.254,443,50232,TCP,2866,2800,121,PA,24,882,393
211.77.55.108,192.168.167.254,443,50232,TCP,5250,5184,121,PA,24,882,394
192.168.167.254,211.77.55.108,50232,443,TCP,66,0,64,A,16,22450,395
192.168.167.254,211.77.55.108,50232,443,TCP,66,0,64,A,16,22422,396
192.168.167.52,192.168.167.254,2340,80,TCP,60,0,64,A,16,512,397
192.168.167.254,192.168.167.52,80,2340,TCP,54,0,64,R,4,0,398
192.168.167.52,192.168.167.254,2341,80,TCP,60,0,64,A,16,512,399
192.168.167.254,192.168.167.52,80,2341,TCP,54,0,64,R,4,0,400
192.168.167.254,34.107.221.82,41862,80,TCP,66,0,64,FA,17,249,401
192.168.167.254,34.107.221.82,41868,80,TCP,66,0,64,FA,17,249,402
34.107.221.82,192.168.167.254,80,41868,TCP,66,0,115,FA,17,1050,403
34.107.221.82,192.168.167.254,80,41862,TCP,66,0,116,FA,17,1050,404
192.168.167.254,34.107.221.82,41868,80,TCP,66,0,64,A,16,249,405
192.168.167.254,34.107.221.82,41862,80,TCP,66,0,64,A,16,249,406
192.168.167.52,192.168.167.254,2342,80,TCP,60,0,64,A,16,512,407
192.168.167.254,192.168.167.52,80,2342,TCP,54,0,64,R,4,0,408
192.168.167.52,192.168.167.254,2343,80,TCP,60,0,64,A,16,512,409
192.168.167.254,192.168.167.52,80,2343,TCP,54,0,64,R,4,0,410
192.168.167.254,211.77.55.108,50232,443,TCP,2866,2800,64,PA,24,22464,411
192.168.167.254,211.77.55.108,50232,443,TCP,766,700,64,PA,24,22464,412
211.77.55.108,192.168.167.254,443,50232,TCP,66,0,121,A,16,882,413
211.77.55.108,192.168.167.254,443,50232,TCP,66,0,121,A,16,877,414
211.77.55.108,192.168.167.254,443,50232,TCP,66,0,121,A,16,877,415
211.77.55.108,192.168.167.254,443,50232,TCP,1541,1475,121,PA,24,882,416
211.77.55.108,192.168.167.254,443,50232,TCP,5666,5600,121,PA,24,882,417
192.168.167.254,211.77.55.108,50232,443,TCP,66,0,64,A,16,22453,418
192.168.167.254,211.77.55.108,50232,443,TCP,66,0,64,A,16,22426,419
211.77.55.108,192.168.167.254,443,50232,TCP,5666,5600,121,PA,24,882,420
192.168.167.254,211.77.55.108,50232,443,TCP,66,0,64,A,16,22398,421
211.77.55.108,192.168.167.254,443,50232,TCP,2866,2800,121,A,16,882,422
192.168.167.254,211.77.55.108,50232,443,TCP,66,0,64,A,16,22385,423
211.77.55.108,192.168.167.254,443,50232,TCP,2866,2800,121,PA,24,882,424
211.77.55.108,192.168.167.254,443,50232,TCP,5666,5600,121,PA,24,882,425
192.168.167.254,211.77.55.108,50232,443,TCP,66,0,64,A,16,22450,426
192.168.167.254,211.77.55.108,50232,443,TCP,66,0,64,A,16,22422,427
211.77.55.108,192.168.167.254,443,50232,TCP,5666,5600,121,PA,24,882,428
192.168.167.254,211.77.55.108,50232,443,TCP,66,0,64,A,16,22436,429
211.77.55.108,192.168.167.254,443,50232,TCP,2866,2800,121,A,16,882,430
192.168.167.254,211.77.55.108,50232,443,TCP,66,0,64,A,16,22450,431
211.77.55.108,192.168.167.254,443,50232,TCP,2866,2800,121,PA,24,882,432
192.168.167.254,211.77.55.108,50232,443,TCP,66,0,64,A,16,22450,433
211.77.55.108,192.168.167.254,443,50232,TCP,2866,2800,121,A,16,882,434
192.168.167.254,211.77.55.108,50232,443,TCP,66,0,64,A,16,22450,435
211.77.55.108,192.168.167.254,443,50232,TCP,2866,2800,121,PA,24,882,436
211.77.55.108,192.168.167.254,443,50232,TCP,5666,5600,121,PA,24,882,437
192.168.167.254,211.77.55.108,50232,443,TCP,66,0,64,A,16,22450,438
192.168.167.254,211.77.55.108,50232,443,TCP,66,0,64,A,16,22422,439
211.77.55.108,192.168.167.254,443,50232,TCP,5666,5600,121,PA,24,882,440
192.168.167.254,211.77.55.108,50232,443,TCP,66,0,64,A,16,22436,441
211.77.55.108,192.168.167.254,443,50232,TCP,5666,5600,121,PA,24,882,442
192.168.167.254,211.77.55.108,50232,443,TCP,66,0,64,A,16,22436,443
211.77.55.108,192.168.167.254,443,50232,TCP,2866,2800,121,A,16,882,444
192.168.167.254,211.77.55.108,50232,443,TCP,66,0,64,A,16,22422,445
211.77.55.108,192.168.167.254,443,50232,TCP,2866,2800,121,PA,24,882,446
192.168.167.254,211.77.55.108,50232,443,TCP,66,0,64,A,16,22409,447
211.77.55.108,192.168.167.254,443,50232,TCP,2866,2800,121,A,16,882,448
192.168.167.254,211.77.55.108,50232,443,TCP,66,0,64,A,16,22450,449
211.77.55.108,192.168.167.254,443,50232,TCP,2866,2800,121,PA,24,882,450
192.168.167.254,211.77.55.108,50232,443,TCP,66,0,64,A,16,22450,451
211.77.55.108,192.168.167.254,443,50232,TCP,2866,2800,121,A,16,882,452
192.168.167.254,211.77.55.108,50232,443,TCP,66,0,64,A,16,22450,453
211.77.55.108,192.168.167.254,443,50232,TCP,2866,2800,121,PA,24,882,454
192.168.167.254,211.77.55.108,50232,443,TCP,66,0,64,A,16,22464,455
211.77.55.108,192.168.167.254,443,50232,TCP,2866,2800,121,A,16,882,456
192.168.167.254,211.77.55.108,50232,443,TCP,66,0,64,A,16,22464,457
211.77.55.108,192.168.167.254,443,50232,TCP,2866,2800,121,PA,24,882,458
192.168.167.254,211.77.55.108,50232,443,TCP,66,0,64,A,16,22464,459
211.77.55.108,192.168.167.254,443,50232,TCP,2866,2800,121,PA,24,882,460
211.77.55.108,192.168.167.254,443,50232,TCP,5666,5600,121,PA,24,882,461
211.77.55.108,192.168.167.254,443,50232,TCP,5666,5600,121,PA,24,882,462
211.77.55.108,192.168.167.254,443,50232,TCP,5666,5600,121,PA,24,882,463
211.77.55.108,192.168.167.254,443,50232,TCP,5666,5600,121,PA,24,882,464
211.77.55.108,192.168.167.254,443,50232,TCP,5666,5600,121,PA,24,882,465
211.77.55.108,192.168.167.254,443,50232,TCP,5666,5600,121,PA,24,882,466
211.77.55.108,192.168.167.254,443,50232,TCP,5666,5600,121,PA,24,882,467
192.168.167.254,211.77.55.108,50232,443,TCP,66,0,64,A,16,22257,468
211.77.55.108,192.168.167.254,443,50232,TCP,5666,5600,121,PA,24,882,469
211.77.55.108,192.168.167.254,443,50232,TCP,5666,5600,121,PA,24,882,470
192.168.167.254,211.77.55.108,50232,443,TCP,66,0,64,A,16,22436,471
211.77.55.108,192.168.167.254,443,50232,TCP,2866,2800,121,A,16,882,472
192.168.167.254,211.77.55.108,50232,443,TCP,66,0,64,A,16,22395,473
211.77.55.108,192.168.167.254,443,50232,TCP,2866,2800,121,PA,24,882,474
211.77.55.108,192.168.167.254,443,50232,TCP,2866,2800,121,A,16,882,475
192.168.167.254,211.77.55.108,50232,443,TCP,66,0,64,A,16,22450,476
192.168.167.254,211.77.55.108,50232,443,TCP,66,0,64,A,16,22464,477
211.77.55.108,192.168.167.254,443,50232,TCP,2866,2800,121,PA,24,882,478
192.168.167.254,211.77.55.108,50232,443,TCP,66,0,64,A,16,22464,479
211.77.55.108,192.168.167.254,443,50232,TCP,2866,2800,121,PA,24,882,480
211.77.55.108,192.168.167.254,443,50232,TCP,2866,2800,121,A,16,882,481
192.168.167.254,211.77.55.108,50232,443,TCP,66,0,64,A,16,22436,482
211.77.55.108,192.168.167.254,443,50232,TCP,2866,2800,121,PA,24,882,483
192.168.167.254,211.77.55.108,50232,443,TCP,66,0,64,A,16,22450,484
211.77.55.108,192.168.167.254,443,50232,TCP,2866,2800,121,A,16,882,485
192.168.167.254,211.77.55.108,50232,443,TCP,66,0,64,A,16,22450,486
211.77.55.108,192.168.167.254,443,50232,TCP,2866,2800,121,PA,24,882,487
211.77.55.108,192.168.167.254,443,50232,TCP,2866,2800,121,A,16,882,488
192.168.167.254,211.77.55.108,50232,443,TCP,66,0,64,A,16,22450,489
192.168.167.254,211.77.55.108,50232,443,TCP,66,0,64,A,16,22464,490
211.77.55.108,192.168.167.254,443,50232,TCP,2866,2800,121,PA,24,882,491
192.168.167.254,211.77.55.108,50232,443,TCP,66,0,64,A,16,22464,492
211.77.55.108,192.168.167.254,443,50232,TCP,2866,2800,121,A,16,882,493
192.168.167.254,211.77.55.108,50232,443,TCP,66,0,64,A,16,22450,494
211.77.55.108,192.168.167.254,443,50232,TCP,2866,2800,121,PA,24,882,495
192.168.167.254,211.77.55.108,50232,443,TCP,66,0,64,A,16,22450,496
211.77.55.108,192.168.167.254,443,50232,TCP,5666,5600,121,PA,24,882,497
192.168.167.254,211.77.55.108,50232,443,TCP,66,0,64,A,16,22464,498
211.77.55.108,192.168.167.254,443,50232,TCP,5666,5600,121,PA,24,882,499
192.168.167.254,211.77.55.108,50232,443,TCP,66,0,64,A,16,22464,500
211.77.55.108,192.168.167.254,443,50232,TCP,5666,5600,121,PA,24,882,501
211.77.55.108,192.168.167.254,443,50232,TCP,5666,5600,121,PA,24,882,502
192.168.167.254,211.77.55.108,50232,443,TCP,66,0,64,A,16,22409,503
211.77.55.108,192.168.167.254,443,50232,TCP,5666,5600,121,PA,24,882,504
211.77.55.108,192.168.167.254,443,50232,TCP,5666,5600,121,PA,24,882,505
192.168.167.254,211.77.55.108,50232,443,TCP,66,0,64,A,16,22436,506
211.77.55.108,192.168.167.254,443,50232,TCP,2866,2800,121,A,16,882,507
211.77.55.108,192.168.167.254,443,50232,TCP,2866,2800,121,PA,24,882,508
192.168.167.254,211.77.55.108,50232,443,TCP,66,0,64,A,16,22381,509
211.77.55.108,192.168.167.254,443,50232,TCP,2866,2800,121,PA,24,882,510
211.77.55.108,192.168.167.254,443,50232,TCP,2866,2800,121,A,16,882,511
192.168.167.254,211.77.55.108,50232,443,TCP,66,0,64,A,16,22450,512
192.168.167.254,211.77.55.108,50232,443,TCP,66,0,64,A,16,22464,513
211.77.55.108,192.168.167.254,443,50232,TCP,2866,2800,121,PA,24,882,514
192.168.167.254,211.77.55.108,50232,443,TCP,66,0,64,A,16,22450,515
211.77.55.108,192.168.167.254,443,50232,TCP,4266,4200,121,A,16,882,516
192.168.167.254,211.77.55.108,50232,443,TCP,66,0,64,A,16,22464,517
211.77.55.108,192.168.167.254,443,50232,TCP,1466,1400,121,PA,24,882,518
211.77.55.108,192.168.167.254,443,50232,TCP,5666,5600,121,PA,24,882,519
211.77.55.108,192.168.167.254,443,50232,TCP,5666,5600,121,PA,24,882,520
211.77.55.108,192.168.167.254,443,50232,TCP,5666,5600,121,PA,24,882,521
211.77.55.108,192.168.167.254,443,50232,TCP,5666,5600,121,PA,24,882,522
211.77.55.108,192.168.167.254,443,50232,TCP,4266,4200,121,A,16,882,523
192.168.167.254,211.77.55.108,50232,443,TCP,66,0,64,A,16,22326,524
211.77.55.108,192.168.167.254,443,50232,TCP,1466,1400,121,PA,24,882,525
211.77.55.108,192.168.167.254,443,50232,TCP,5666,5600,121,PA,24,882,526
211.77.55.108,192.168.167.254,443,50232,TCP,5666,5600,121,PA,24,882,527
192.168.167.254,211.77.55.108,50232,443,TCP,66,0,64,A,16,22429,528
211.77.55.108,192.168.167.254,443,50232,TCP,5666,5600,121,PA,24,882,529
211.77.55.108,192.168.167.254,443,50232,TCP,5666,5600,121,PA,24,882,530
211.77.55.108,192.168.167.254,443,50232,TCP,2866,2800,121,PA,24,882,531
192.168.167.254,211.77.55.108,50232,443,TCP,66,0,64,A,16,22332,532
211.77.55.108,192.168.167.254,443,50232,TCP,5666,5600,121,PA,24,882,533
211.77.55.108,192.168.167.254,443,50232,TCP,5666,5600,121,PA,24,882,534
192.168.167.254,211.77.55.108,50232,443,TCP,66,0,64,A,16,22436,535
211.77.55.108,192.168.167.254,443,50232,TCP,5666,5600,121,PA,24,882,536
211.77.55.108,192.168.167.254,443,50232,TCP,5666,5600,121,PA,24,882,537
211.77.55.108,192.168.167.254,443,50232,TCP,5666,5600,121,PA,24,882,538
211.77.55.108,192.168.167.254,443,50232,TCP,5666,5600,121,PA,24,882,539
211.77.55.108,192.168.167.254,443,50232,TCP,5666,5600,121,PA,24,882,540
211.77.55.108,192.168.167.254,443,50232,TCP,5666,5600,121,PA,24,882,541
211.77.55.108,192.168.167.254,443,50232,TCP,5666,5600,121,PA,24,882,542
192.168.167.254,211.77.55.108,50232,443,TCP,66,0,64,A,16,22215,543
211.77.55.108,192.168.167.254,443,50232,TCP,5666,5600,121,PA,24,882,544
211.77.55.108,192.168.167.254,443,50232,TCP,5666,5600,121,PA,24,882,545
192.168.167.254,211.77.55.108,50232,443,TCP,66,0,64,A,16,22436,546
192.168.167.254,211.77.55.108,50232,443,TCP,66,0,64,A,16,22409,547
211.77.55.108,192.168.167.254,443,50232,TCP,2866,2800,121,PA,24,882,548
211.77.55.108,192.168.167.254,443,50232,TCP,5666,5600,121,PA,24,882,549
211.77.55.108,192.168.167.254,443,50232,TCP,5666,5600,121,PA,24,882,550
211.77.55.108,192.168.167.254,443,50232,TCP,5666,5600,121,PA,24,882,551
211.77.55.108,192.168.167.254,443,50232,TCP,5666,5600,121,PA,24,882,552
192.168.167.254,211.77.55.108,50232,443,TCP,66,0,64,A,16,22284,553
211.77.55.108,192.168.167.254,443,50232,TCP,5666,5600,121,PA,24,882,554
211.77.55.108,192.168.167.254,443,50232,TCP,5666,5600,121,PA,24,882,555
192.168.167.254,211.77.55.108,50232,443,TCP,66,0,64,A,16,22436,556
211.77.55.108,192.168.167.254,443,50232,TCP,5666,5600,121,PA,24,882,557
211.77.55.108,192.168.167.254,443,50232,TCP,5666,5600,121,PA,24,882,558
192.168.167.254,211.77.55.108,50232,443,TCP,66,0,64,A,16,22354,559
211.77.55.108,192.168.167.254,443,50232,TCP,5666,5600,121,PA,24,882,560
211.77.55.108,192.168.167.254,443,50232,TCP,5666,5600,121,PA,24,882,561
192.168.167.254,211.77.55.108,50232,443,TCP,66,0,64,A,16,22298,562
211.77.55.108,192.168.167.254,443,50232,TCP,5666,5600,121,PA,24,882,563
211.77.55.108,192.168.167.254,443,50232,TCP,2866,2800,121,PA,24,882,564
211.77.55.108,192.168.167.254,443,50232,TCP,5666,5600,121,PA,24,882,565
192.168.167.254,211.77.55.108,50232,443,TCP,66,0,64,A,16,22230,566
211.77.55.108,192.168.167.254,443,50232,TCP,5666,5600,121,PA,24,882,567
211.77.55.108,192.168.167.254,443,50232,TCP,2866,2800,121,A,16,882,568
192.168.167.254,211.77.55.108,50232,443,TCP,66,0,64,A,16,22188,569
211.77.55.108,192.168.167.254,443,50232,TCP,2866,2800,121,PA,24,882,570
211.77.55.108,192.168.167.254,443,50232,TCP,5666,5600,121,PA,24,882,571
211.77.55.108,192.168.167.254,443,50232,TCP,5666,5600,121,PA,24,882,572
192.168.167.254,211.77.55.108,50232,443,TCP,66,0,64,A,16,22450,573
211.77.55.108,192.168.167.254,443,50232,TCP,5666,5600,121,PA,24,882,574
211.77.55.108,192.168.167.254,443,50232,TCP,5666,5600,121,PA,24,882,575
211.77.55.108,192.168.167.254,443,50232,TCP,5666,5600,121,PA,24,882,576
192.168.167.254,211.77.55.108,50232,443,TCP,66,0,64,A,16,22312,577
211.77.55.108,192.168.167.254,443,50232,TCP,5666,5600,121,PA,24,882,578
211.77.55.108,192.168.167.254,443,50232,TCP,2866,2800,121,A,16,882,579
192.168.167.254,211.77.55.108,50232,443,TCP,66,0,64,A,16,22436,580
192.168.167.254,211.77.55.108,50232,443,TCP,66,0,64,A,16,22464,581
211.77.55.108,192.168.167.254,443,50232,TCP,2866,2800,121,PA,24,882,582
211.77.55.108,192.168.167.254,443,50232,TCP,5666,5600,121,PA,24,882,583
211.77.55.108,192.168.167.254,443,50232,TCP,2866,2800,121,PA,24,882,584
192.168.167.254,211.77.55.108,50232,443,TCP,66,0,64,A,16,22409,585
211.77.55.108,192.168.167.254,443,50232,TCP,5666,5600,121,PA,24,882,586
211.77.55.108,192.168.167.254,443,50232,TCP,5666,5600,121,PA,24,882,587
192.168.167.254,211.77.55.108,50232,443,TCP,66,0,64,A,16,22436,588
211.77.55.108,192.168.167.254,443,50232,TCP,5666,5600,121,PA,24,882,589
211.77.55.108,192.168.167.254,443,50232,TCP,5666,5600,121,PA,24,882,590
211.77.55.108,192.168.167.254,443,50232,TCP,5666,5600,121,PA,24,882,591
211.77.55.108,192.168.167.254,443,50232,TCP,5666,5600,121,PA,24,882,592
192.168.167.254,211.77.55.108,50232,443,TCP,66,0,64,A,16,22305,593
211.77.55.108,192.168.167.254,443,50232,TCP,5666,5600,121,PA,24,882,594
211.77.55.108,192.168.167.254,443,50232,TCP,5666,5600,121,PA,24,882,595
211.77.55.108,192.168.167.254,443,50232,TCP,5666,5600,121,PA,24,882,596
192.168.167.254,211.77.55.108,50232,443,TCP,66,0,64,A,16,22215,597
211.77.55.108,192.168.167.254,443,50232,TCP,5666,5600,121,PA,24,882,598
211.77.55.108,192.168.167.254,443,50232,TCP,5666,5600,121,PA,24,882,599
192.168.167.254,211.77.55.108,50232,443,TCP,66,0,64,A,16,22436,600
211.77.55.108,192.168.167.254,443,50232,TCP,2866,2800,121,PA,24,882,601
211.77.55.108,192.168.167.254,443,50232,TCP,5666,5600,121,PA,24,882,602
211.77.55.108,192.168.167.254,443,50232,TCP,5666,5600,121,PA,24,882,603
211.77.55.108,192.168.167.254,443,50232,TCP,1708,1642,121,PA,24,882,604
192.168.167.254,211.77.55.108,50232,443,TCP,66,0,64,A,16,22326,605
192.168.167.52,192.168.167.254,2344,80,TCP,60,0,64,A,16,512,606
192.168.167.254,192.168.167.52,80,2344,TCP,54,0,64,R,4,0,607
192.168.167.254,211.77.55.108,50232,443,TCP,2866,2800,64,PA,24,22464,610
192.168.167.254,211.77.55.108,50232,443,TCP,766,700,64,PA,24,22464,611
211.77.55.108,192.168.167.254,443,50232,TCP,66,0,121,A,16,882,612
211.77.55.108,192.168.167.254,443,50232,TCP,66,0,121,A,16,877,613
211.77.55.108,192.168.167.254,443,50232,TCP,66,0,121,A,16,877,614
211.77.55.108,192.168.167.254,443,50232,TCP,1544,1478,121,PA,24,882,615
211.77.55.108,192.168.167.254,443,50232,TCP,93,27,121,PA,24,882,616
192.168.167.254,211.77.55.108,50232,443,TCP,66,0,64,A,16,22453,617
192.168.167.254,211.77.55.108,50232,443,TCP,66,0,64,A,16,22453,618
192.168.167.52,192.168.167.254,2345,80,TCP,60,0,64,A,16,512,619
192.168.167.254,192.168.167.52,80,2345,TCP,54,0,64,R,4,0,620
192.168.167.52,192.168.167.254,2346,80,TCP,60,0,64,A,16,512,621
192.168.167.254,192.168.167.52,80,2346,TCP,54,0,64,R,4,0,622
192.168.167.52,192.168.167.254,2347,80,TCP,60,0,64,A,16,512,625
192.168.167.254,192.168.167.52,80,2347,TCP,54,0,64,R,4,0,626
192.168.167.52,192.168.167.254,2348,80,TCP,60,0,64,A,16,512,629
192.168.167.254,192.168.167.52,80,2348,TCP,54,0,64,R,4,0,630
192.168.167.52,192.168.167.254,2349,80,TCP,60,0,64,A,16,512,631
192.168.167.254,192.168.167.52,80,2349,TCP,54,0,64,R,4,0,632
192.168.167.254,211.77.55.108,50232,443,TCP,2866,2800,64,PA,24,22464,635
192.168.167.254,211.77.55.108,50232,443,TCP,766,700,64,PA,24,22464,636
211.77.55.108,192.168.167.254,443,50232,TCP,66,0,121,A,16,873,637
211.77.55.108,192.168.167.254,443,50232,TCP,1541,1475,121,PA,24,882,638
192.168.167.254,211.77.55.108,50232,443,TCP,66,0,64,A,16,22453,639
211.77.55.108,192.168.167.254,443,50232,TCP,2866,2800,121,A,16,882,640
192.168.167.254,211.77.55.108,50232,443,TCP,66,0,64,A,16,22439,641
211.77.55.108,192.168.167.254,443,50232,TCP,2866,2800,121,PA,24,882,642
192.168.167.254,211.77.55.108,50232,443,TCP,66,0,64,A,16,22450,643
211.77.55.108,192.168.167.254,443,50232,TCP,2866,2800,121,A,16,882,644
192.168.167.254,211.77.55.108,50232,443,TCP,66,0,64,A,16,22450,645
211.77.55.108,192.168.167.254,443,50232,TCP,2866,2800,121,PA,24,882,646
211.77.55.108,192.168.167.254,443,50232,TCP,5666,5600,121,PA,24,882,647
192.168.167.254,211.77.55.108,50232,443,TCP,66,0,64,A,16,22450,648
192.168.167.254,211.77.55.108,50232,443,TCP,66,0,64,A,16,22422,649
211.77.55.108,192.168.167.254,443,50232,TCP,2866,2800,121,A,16,882,650
192.168.167.254,211.77.55.108,50232,443,TCP,66,0,64,A,16,22450,651
211.77.55.108,192.168.167.254,443,50232,TCP,2866,2800,121,PA,24,882,652
192.168.167.254,211.77.55.108,50232,443,TCP,66,0,64,A,16,22450,653
211.77.55.108,192.168.167.254,443,50232,TCP,2866,2800,121,A,16,882,654
192.168.167.254,211.77.55.108,50232,443,TCP,66,0,64,A,16,22450,655
211.77.55.108,192.168.167.254,443,50232,TCP,2866,2800,121,PA,24,882,656
192.168.167.254,211.77.55.108,50232,443,TCP,66,0,64,A,16,22450,657
211.77.55.108,192.168.167.254,443,50232,TCP,2866,2800,121,A,16,882,658
192.168.167.254,211.77.55.108,50232,443,TCP,66,0,64,A,16,22450,659
211.77.55.108,192.168.167.254,443,50232,TCP,2866,2800,121,PA,24,882,660
192.168.167.254,211.77.55.108,50232,443,TCP,66,0,64,A,16,22450,661
211.77.55.108,192.168.167.254,443,50232,TCP,2866,2800,121,A,16,882,662
192.168.167.254,211.77.55.108,50232,443,TCP,66,0,64,A,16,22450,663
211.77.55.108,192.168.167.254,443,50232,TCP,2866,2800,121,PA,24,882,664
192.168.167.254,211.77.55.108,50232,443,TCP,66,0,64,A,16,22450,665
211.77.55.108,192.168.167.254,443,50232,TCP,5666,5600,121,PA,24,882,666
192.168.167.254,211.77.55.108,50232,443,TCP,66,0,64,A,16,22436,667
211.77.55.108,192.168.167.254,443,50232,TCP,5666,5600,121,PA,24,882,668
192.168.167.254,211.77.55.108,50232,443,TCP,66,0,64,A,16,22436,669
211.77.55.108,192.168.167.254,443,50232,TCP,2866,2800,121,A,16,882,670
192.168.167.254,211.77.55.108,50232,443,TCP,66,0,64,A,16,22450,671
211.77.55.108,192.168.167.254,443,50232,TCP,2866,2800,121,PA,24,882,672
192.168.167.254,211.77.55.108,50232,443,TCP,66,0,64,A,16,22450,673
211.77.55.108,192.168.167.254,443,50232,TCP,2866,2800,121,A,16,882,674
192.168.167.254,211.77.55.108,50232,443,TCP,66,0,64,A,16,22450,675
211.77.55.108,192.168.167.254,443,50232,TCP,2866,2800,121,PA,24,882,676
192.168.167.254,211.77.55.108,50232,443,TCP,66,0,64,A,16,22450,677
211.77.55.108,192.168.167.254,443,50232,TCP,2866,2800,121,A,16,882,678
192.168.167.254,211.77.55.108,50232,443,TCP,66,0,64,A,16,22450,679
211.77.55.108,192.168.167.254,443,50232,TCP,2866,2800,121,PA,24,882,680
192.168.167.254,211.77.55.108,50232,443,TCP,66,0,64,A,16,22450,681
211.77.55.108,192.168.167.254,443,50232,TCP,1466,1400,121,A,16,882,682
211.77.55.108,192.168.167.254,443,50232,TCP,4266,4200,121,PA,24,882,683
211.77.55.108,192.168.167.254,443,50232,TCP,5666,5600,121,PA,24,882,684
192.168.167.254,211.77.55.108,50232,443,TCP,66,0,64,A,16,22464,685
211.77.55.108,192.168.167.254,443,50232,TCP,2866,2800,121,PA,24,882,686
211.77.55.108,192.168.167.254,443,50232,TCP,5666,5600,121,PA,24,882,687
211.77.55.108,192.168.167.254,443,50232,TCP,5666,5600,121,PA,24,882,688
192.168.167.254,211.77.55.108,50232,443,TCP,66,0,64,A,16,22395,689
211.77.55.108,192.168.167.254,443,50232,TCP,2866,2800,121,A,16,882,690
192.168.167.254,211.77.55.108,50232,443,TCP,66,0,64,A,16,22450,691
211.77.55.108,192.168.167.254,443,50232,TCP,2866,2800,121,PA,24,882,692
192.168.167.254,211.77.55.108,50232,443,TCP,66,0,64,A,16,22450,693
211.77.55.108,192.168.167.254,443,50232,TCP,2866,2800,121,A,16,882,694
192.168.167.254,211.77.55.108,50232,443,TCP,66,0,64,A,16,22450,695
211.77.55.108,192.168.167.254,443,50232,TCP,2866,2800,121,PA,24,882,696
192.168.167.254,211.77.55.108,50232,443,TCP,66,0,64,A,16,22450,697
211.77.55.108,192.168.167.254,443,50232,TCP,2866,2800,121,A,16,882,698
192.168.167.254,211.77.55.108,50232,443,TCP,66,0,64,A,16,22450,699
211.77.55.108,192.168.167.254,443,50232,TCP,2866,2800,121,PA,24,882,700
211.77.55.108,192.168.167.254,443,50232,TCP,5666,5600,121,PA,24,882,701
211.77.55.108,192.168.167.254,443,50232,TCP,5666,5600,121,PA,24,882,702
192.168.167.254,211.77.55.108,50232,443,TCP,66,0,64,A,16,22450,703
211.77.55.108,192.168.167.254,443,50232,TCP,5666,5600,121,PA,24,882,704
211.77.55.108,192.168.167.254,443,50232,TCP,5666,5600,121,PA,24,882,705
211.77.55.108,192.168.167.254,443,50232,TCP,5666,5600,121,PA,24,882,706
211.77.55.108,192.168.167.254,443,50232,TCP,5666,5600,121,PA,24,882,707
211.77.55.108,192.168.167.254,443,50232,TCP,2866,2800,121,PA,24,882,708
211.77.55.108,192.168.167.254,443,50232,TCP,5666,5600,121,PA,24,882,709
211.77.55.108,192.168.167.254,443,50232,TCP,5666,5600,121,PA,24,882,710
211.77.55.108,192.168.167.254,443,50232,TCP,5666,5600,121,PA,24,882,711
211.77.55.108,192.168.167.254,443,50232,TCP,2866,2800,121,A,16,882,712
192.168.167.254,211.77.55.108,50232,443,TCP,66,0,64,A,16,22174,713
211.77.55.108,192.168.167.254,443,50232,TCP,2866,2800,121,PA,24,882,714
211.77.55.108,192.168.167.254,443,50232,TCP,5666,5600,121,PA,24,882,715
192.168.167.254,211.77.55.108,50232,443,TCP,66,0,64,A,16,22450,716
192.168.167.254,211.77.55.108,50232,443,TCP,66,0,64,A,16,22464,717
211.77.55.108,192.168.167.254,443,50232,TCP,5666,5600,121,PA,24,882,718
211.77.55.108,192.168.167.254,443,50232,TCP,5666,5600,121,PA,24,882,719
211.77.55.108,192.168.167.254,443,50232,TCP,5666,5600,121,PA,24,882,720
211.77.55.108,192.168.167.254,443,50232,TCP,5666,5600,121,PA,24,882,721
211.77.55.108,192.168.167.254,443,50232,TCP,5666,5600,121,PA,24,882,722
211.77.55.108,192.168.167.254,443,50232,TCP,5666,5600,121,PA,24,882,723
192.168.167.254,211.77.55.108,50232,443,TCP,66,0,64,A,16,22298,724
211.77.55.108,192.168.167.254,443,50232,TCP,2866,2800,121,PA,24,882,725
211.77.55.108,192.168.167.254,443,50232,TCP,5666,5600,121,PA,24,882,726
211.77.55.108,192.168.167.254,443,50232,TCP,5666,5600,121,PA,24,882,727
192.168.167.254,211.77.55.108,50232,443,TCP,66,0,64,A,16,22450,728
192.168.167.254,211.77.55.108,50232,443,TCP,66,0,64,A,16,22395,729
211.77.55.108,192.168.167.254,443,50232,TCP,5666,5600,121,PA,24,882,730
211.77.55.108,192.168.167.254,443,50232,TCP,5666,5600,121,PA,24,882,731
211.77.55.108,192.168.167.254,443,50232,TCP,5666,5600,121,PA,24,882,732
211.77.55.108,192.168.167.254,443,50232,TCP,5666,5600,121,PA,24,882,733
211.77.55.108,192.168.167.254,443,50232,TCP,5666,5600,121,PA,24,882,734
211.77.55.108,192.168.167.254,443,50232,TCP,5666,5600,121,PA,24,882,735
192.168.167.254,211.77.55.108,50232,443,TCP,66,0,64,A,16,22230,736
211.77.55.108,192.168.167.254,443,50232,TCP,4266,4200,121,A,16,882,737
192.168.167.254,211.77.55.108,50232,443,TCP,66,0,64,A,16,22208,738
211.77.55.108,192.168.167.254,443,50232,TCP,1466,1400,121,PA,24,882,739
211.77.55.108,192.168.167.254,443,50232,TCP,5666,5600,121,PA,24,882,740
211.77.55.108,192.168.167.254,443,50232,TCP,5666,5600,121,PA,24,882,741
192.168.167.254,211.77.55.108,50232,443,TCP,66,0,64,A,16,22429,742
211.77.55.108,192.168.167.254,443,50232,TCP,2866,2800,121,PA,24,882,743
211.77.55.108,192.168.167.254,443,50232,TCP,5666,5600,121,PA,24,882,744
211.77.55.108,192.168.167.254,443,50232,TCP,5666,5600,121,PA,24,882,745
211.77.55.108,192.168.167.254,443,50232,TCP,5666,5600,121,PA,24,882,746
211.77.55.108,192.168.167.254,443,50232,TCP,5666,5600,121,PA,24,882,747
192.168.167.254,211.77.55.108,50232,443,TCP,66,0,64,A,16,22332,748
211.77.55.108,192.168.167.254,443,50232,TCP,5666,5600,121,PA,24,882,749
211.77.55.108,192.168.167.254,443,50232,TCP,5666,5600,121,PA,24,882,750
211.77.55.108,192.168.167.254,443,50232,TCP,5666,5600,121,PA,24,882,751
211.77.55.108,192.168.167.254,443,50232,TCP,2866,2800,121,A,16,882,752
192.168.167.254,211.77.55.108,50232,443,TCP,66,0,64,A,16,22181,753
211.77.55.108,192.168.167.254,443,50232,TCP,2866,2800,121,PA,24,882,754
211.77.55.108,192.168.167.254,443,50232,TCP,5666,5600,121,PA,24,882,755
211.77.55.108,192.168.167.254,443,50232,TCP,5666,5600,121,PA,24,882,756
192.168.167.254,211.77.55.108,50232,443,TCP,66,0,64,A,16,22450,757
211.77.55.108,192.168.167.254,443,50232,TCP,5666,5600,121,PA,24,882,758
211.77.55.108,192.168.167.254,443,50232,TCP,2866,2800,121,PA,24,882,759
211.77.55.108,192.168.167.254,443,50232,TCP,5666,5600,121,PA,24,882,760
211.77.55.108,192.168.167.254,443,50232,TCP,5666,5600,121,PA,24,882,761
211.77.55.108,192.168.167.254,443,50232,TCP,5666,5600,121,PA,24,882,762
192.168.167.254,211.77.55.108,50232,443,TCP,66,0,64,A,16,22269,763
211.77.55.108,192.168.167.254,443,50232,TCP,5666,5600,121,PA,24,882,764
192.168.167.254,211.77.55.108,50232,443,TCP,66,0,64,A,16,22243,765
211.77.55.108,192.168.167.254,443,50232,TCP,5666,5600,121,PA,24,882,766
211.77.55.108,192.168.167.254,443,50232,TCP,5666,5600,121,PA,24,882,767
192.168.167.254,211.77.55.108,50232,443,TCP,66,0,64,A,16,22436,768
211.77.55.108,192.168.167.254,443,50232,TCP,5666,5600,121,PA,24,882,769
211.77.55.108,192.168.167.254,443,50232,TCP,2866,2800,121,A,16,882,770
192.168.167.254,211.77.55.108,50232,443,TCP,66,0,64,A,16,22368,771
211.77.55.108,192.168.167.254,443,50232,TCP,2866,2800,121,PA,24,882,772
211.77.55.108,192.168.167.254,443,50232,TCP,5666,5600,121,PA,24,882,773
211.77.55.108,192.168.167.254,443,50232,TCP,5666,5600,121,PA,24,882,774
192.168.167.254,211.77.55.108,50232,443,TCP,66,0,64,A,16,22450,775
211.77.55.108,192.168.167.254,443,50232,TCP,5666,5600,121,PA,24,882,776
211.77.55.108,192.168.167.254,443,50232,TCP,2866,2800,121,PA,24,882,777
211.77.55.108,192.168.167.254,443,50232,TCP,5666,5600,121,PA,24,882,778
211.77.55.108,192.168.167.254,443,50232,TCP,5666,5600,121,PA,24,882,779
211.77.55.108,192.168.167.254,443,50232,TCP,5666,5600,121,PA,24,882,780
211.77.55.108,192.168.167.254,443,50232,TCP,5666,5600,121,PA,24,882,781
192.168.167.254,211.77.55.108,50232,443,TCP,66,0,64,A,16,22243,782
211.77.55.108,192.168.167.254,443,50232,TCP,5666,5600,121,PA,24,882,783
211.77.55.108,192.168.167.254,443,50232,TCP,5666,5600,121,PA,24,882,784
192.168.167.254,211.77.55.108,50232,443,TCP,66,0,64,A,16,22436,785
211.77.55.108,192.168.167.254,443,50232,TCP,5666,5600,121,PA,24,882,786
211.77.55.108,192.168.167.254,443,50232,TCP,5666,5600,121,PA,24,882,787
211.77.55.108,192.168.167.254,443,50232,TCP,5666,5600,121,PA,24,882,788
192.168.167.254,211.77.55.108,50232,443,TCP,66,0,64,A,16,22354,789
192.168.167.254,211.77.55.108,50232,443,TCP,66,0,64,A,16,22326,790
211.77.55.108,192.168.167.254,443,50232,TCP,5666,5600,121,PA,24,882,791
192.168.167.254,211.77.55.108,50232,443,TCP,66,0,64,A,16,22436,792
211.77.55.108,192.168.167.254,443,50232,TCP,5666,5600,121,PA,24,882,793
211.77.55.108,192.168.167.254,443,50232,TCP,2866,2800,121,PA,24,882,794
211.77.55.108,192.168.167.254,443,50232,TCP,5666,5600,121,PA,24,882,795
192.168.167.254,211.77.55.108,50232,443,TCP,66,0,64,A,16,22436,796
211.77.55.108,192.168.167.254,443,50232,TCP,5666,5600,121,PA,24,882,797
192.168.167.254,211.77.55.108,50232,443,TCP,66,0,64,A,16,22368,798
211.77.55.108,192.168.167.254,443,50232,TCP,5666,5600,121,PA,24,882,799
211.77.55.108,192.168.167.254,443,50232,TCP,5666,5600,121,PA,24,882,800
192.168.167.254,211.77.55.108,50232,443,TCP,66,0,64,A,16,22436,801
211.77.55.108,192.168.167.254,443,50232,TCP,5666,5600,121,PA,24,882,802
211.77.55.108,192.168.167.254,443,50232,TCP,5666,5600,121,PA,24,882,803
211.77.55.108,192.168.167.254,443,50232,TCP,5666,5600,121,PA,24,882,804
192.168.167.254,211.77.55.108,50232,443,TCP,66,0,64,A,16,22326,805
211.77.55.108,192.168.167.254,443,50232,TCP,5666,5600,121,PA,24,882,806
192.168.167.254,211.77.55.108,50232,443,TCP,66,0,64,A,16,22436,807
211.77.55.108,192.168.167.254,443,50232,TCP,1466,1400,121,A,16,882,808
211.77.55.108,192.168.167.254,443,50232,TCP,4266,4200,121,PA,24,882,809
211.77.55.108,192.168.167.254,443,50232,TCP,5666,5600,121,PA,24,882,810
211.77.55.108,192.168.167.254,443,50232,TCP,2866,2800,121,A,16,882,811
192.168.167.254,211.77.55.108,50232,443,TCP,66,0,64,A,16,22443,812
192.168.167.254,211.77.55.108,50232,443,TCP,66,0,64,A,16,22402,813
211.77.55.108,192.168.167.254,443,50232,TCP,2866,2800,121,PA,24,882,814
211.77.55.108,192.168.167.254,443,50232,TCP,2866,2800,121,PA,24,882,815
211.77.55.108,192.168.167.254,443,50232,TCP,5666,5600,121,PA,24,882,816
192.168.167.254,211.77.55.108,50232,443,TCP,66,0,64,A,16,22450,817
211.77.55.108,192.168.167.254,443,50232,TCP,5666,5600,121,PA,24,882,818
211.77.55.108,192.168.167.254,443,50232,TCP,5666,5600,121,PA,24,882,819
192.168.167.254,211.77.55.108,50232,443,TCP,66,0,64,A,16,22354,820
211.77.55.108,192.168.167.254,443,50232,TCP,5666,5600,121,PA,24,882,821
211.77.55.108,192.168.167.254,443,50232,TCP,5666,5600,121,PA,24,882,822
211.77.55.108,192.168.167.254,443,50232,TCP,5666,5600,121,PA,24,882,823
211.77.55.108,192.168.167.254,443,50232,TCP,5666,5600,121,PA,24,882,824
192.168.167.254,211.77.55.108,50232,443,TCP,66,0,64,A,16,22243,825
211.77.55.108,192.168.167.254,443,50232,TCP,5666,5600,121,PA,24,882,826
211.77.55.108,192.168.167.254,443,50232,TCP,5666,5600,121,PA,24,882,827
192.168.167.254,211.77.55.108,50232,443,TCP,66,0,64,A,16,22326,828
192.168.167.254,211.77.55.108,50232,443,TCP,66,0,64,A,16,22298,829
211.77.55.108,192.168.167.254,443,50232,TCP,5666,5600,121,PA,24,882,830
211.77.55.108,192.168.167.254,443,50232,TCP,5666,5600,121,PA,24,882,831
192.168.167.254,211.77.55.108,50232,443,TCP,66,0,64,A,16,22436,832
211.77.55.108,192.168.167.254,443,50232,TCP,2866,2800,121,PA,24,882,833
211.77.55.108,192.168.167.254,443,50232,TCP,5666,5600,121,PA,24,882,834
211.77.55.108,192.168.167.254,443,50232,TCP,5666,5600,121,PA,24,882,835
211.77.55.108,192.168.167.254,443,50232,TCP,5666,5600,121,PA,24,882,836
211.77.55.108,192.168.167.254,443,50232,TCP,5666,5600,121,PA,24,882,837
211.77.55.108,192.168.167.254,443,50232,TCP,5666,5600,121,PA,24,882,838
211.77.55.108,192.168.167.254,443,50232,TCP,5666,5600,121,PA,24,882,839
211.77.55.108,192.168.167.254,443,50232,TCP,5666,5600,121,PA,24,882,840
211.77.55.108,192.168.167.254,443,50232,TCP,5666,5600,121,PA,24,882,841
192.168.167.254,211.77.55.108,50232,443,TCP,66,0,64,A,16,22174,842
211.77.55.108,192.168.167.254,443,50232,TCP,5666,5600,121,PA,24,882,843
211.77.55.108,192.168.167.254,443,50232,TCP,5666,5600,121,PA,24,882,844
192.168.167.254,211.77.55.108,50232,443,TCP,66,0,64,A,16,22436,845
211.77.55.108,192.168.167.254,443,50232,TCP,5666,5600,121,PA,24,882,846
211.77.55.108,192.168.167.254,443,50232,TCP,2866,2800,121,PA,24,882,847
211.77.55.108,192.168.167.254,443,50232,TCP,5666,5600,121,PA,24,882,848
211.77.55.108,192.168.167.254,443,50232,TCP,5666,5600,121,PA,24,882,849
211.77.55.108,192.168.167.254,443,50232,TCP,5666,5600,121,PA,24,882,850
192.168.167.254,211.77.55.108,50232,443,TCP,66,0,64,A,16,22393,851
211.77.55.108,192.168.167.254,443,50232,TCP,5666,5600,121,PA,24,882,852
211.77.55.108,192.168.167.254,443,50232,TCP,5666,5600,121,PA,24,882,853
211.77.55.108,192.168.167.254,443,50232,TCP,5666,5600,121,PA,24,882,854
211.77.55.108,192.168.167.254,443,50232,TCP,5666,5600,121,PA,24,882,855
192.168.167.254,211.77.55.108,50232,443,TCP,66,0,64,A,16,22230,856
211.77.55.108,192.168.167.254,443,50232,TCP,1466,1400,121,A,16,882,857
211.77.55.108,192.168.167.254,443,50232,TCP,4266,4200,121,PA,24,882,858
211.77.55.108,192.168.167.254,443,50232,TCP,5666,5600,121,PA,24,882,859
211.77.55.108,192.168.167.254,443,50232,TCP,5666,5600,121,PA,24,882,860
192.168.167.254,211.77.55.108,50232,443,TCP,66,0,64,A,16,22443,861
211.77.55.108,192.168.167.254,443,50232,TCP,5666,5600,121,PA,24,882,862
211.77.55.108,192.168.167.254,443,50232,TCP,2866,2800,121,PA,24,882,863
211.77.55.108,192.168.167.254,443,50232,TCP,5666,5600,121,PA,24,882,864
211.77.55.108,192.168.167.254,443,50232,TCP,5666,5600,121,PA,24,882,865
211.77.55.108,192.168.167.254,443,50232,TCP,5666,5600,121,PA,24,882,866
192.168.167.254,211.77.55.108,50232,443,TCP,66,0,64,A,16,22264,867
211.77.55.108,192.168.167.254,443,50232,TCP,5666,5600,121,PA,24,882,868
211.77.55.108,192.168.167.254,443,50232,TCP,5666,5600,121,PA,24,882,869
192.168.167.254,211.77.55.108,50232,443,TCP,66,0,64,A,16,22436,870
211.77.55.108,192.168.167.254,443,50232,TCP,5666,5600,121,PA,24,882,871
211.77.55.108,192.168.167.254,443,50232,TCP,5666,5600,121,PA,24,882,872
211.77.55.108,192.168.167.254,443,50232,TCP,5666,5600,121,PA,24,882,873
211.77.55.108,192.168.167.254,443,50232,TCP,5666,5600,121,PA,24,882,874
211.77.55.108,192.168.167.254,443,50232,TCP,5666,5600,121,PA,24,882,875
211.77.55.108,192.168.167.254,443,50232,TCP,5666,5600,121,PA,24,882,876
211.77.55.108,192.168.167.254,443,50232,TCP,2866,2800,121,PA,24,882,877
192.168.167.254,211.77.55.108,50232,443,TCP,66,0,64,A,16,22230,878
211.77.55.108,192.168.167.254,443,50232,TCP,5666,5600,121,PA,24,882,879
211.77.55.108,192.168.167.254,443,50232,TCP,5666,5600,121,PA,24,882,880
192.168.167.254,211.77.55.108,50232,443,TCP,66,0,64,A,16,22436,881
211.77.55.108,192.168.167.254,443,50232,TCP,5666,5600,121,PA,24,882,882
211.77.55.108,192.168.167.254,443,50232,TCP,5666,5600,121,PA,24,882,883
211.77.55.108,192.168.167.254,443,50232,TCP,5666,5600,121,PA,24,882,884
211.77.55.108,192.168.167.254,443,50232,TCP,5666,5600,121,PA,24,882,885
211.77.55.108,192.168.167.254,443,50232,TCP,5666,5600,121,PA,24,882,886
211.77.55.108,192.168.167.254,443,50232,TCP,5666,5600,121,PA,24,882,887
192.168.167.254,211.77.55.108,50232,443,TCP,66,0,64,A,16,22298,888
211.77.55.108,192.168.167.254,443,50232,TCP,1466,1400,121,A,16,882,889
192.168.167.254,211.77.55.108,50232,443,TCP,66,0,64,A,16,22236,890
211.77.55.108,192.168.167.254,443,50232,TCP,4266,4200,121,PA,24,882,891
211.77.55.108,192.168.167.254,443,50232,TCP,5666,5600,121,PA,24,882,892
211.77.55.108,192.168.167.254,443,50232,TCP,2737,2671,121,PA,24,882,893
192.168.167.254,211.77.55.108,50232,443,TCP,66,0,64,A,16,22443,894
192.168.167.254,211.77.55.108,50232,443,TCP,66,0,64,A,16,22402,895
192.168.167.254,142.250.196.206,46108,443,TCP,879,813,64,PA,24,249,896
192.168.167.254,142.250.196.206,46108,443,TCP,323,257,64,PA,24,249,897
142.250.196.206,192.168.167.254,443,46108,TCP,66,0,115,A,16,983,898
142.250.196.206,192.168.167.254,443,46108,TCP,66,0,115,A,16,982,899
142.250.196.206,192.168.167.254,443,46108,TCP,135,69,115,PA,24,982,900
142.250.196.206,192.168.167.254,443,46108,TCP,97,31,115,PA,24,982,901
142.250.196.206,192.168.167.254,443,46108,TCP,105,39,115,PA,24,982,902
192.168.167.254,142.250.196.206,46108,443,TCP,66,0,64,A,16,249,903
192.168.167.254,142.250.196.206,46108,443,TCP,105,39,64,PA,24,249,904
192.168.167.52,192.168.167.254,2350,80,TCP,60,0,64,A,16,512,905
192.168.167.254,192.168.167.52,80,2350,TCP,54,0,64,R,4,0,906
142.250.196.206,192.168.167.254,443,46108,TCP,66,0,115,A,16,982,907
192.168.167.52,192.168.167.254,2351,80,TCP,60,0,64,A,16,512,908
192.168.167.254,192.168.167.52,80,2351,TCP,54,0,64,R,4,0,909
192.168.167.254,211.77.55.108,50232,443,TCP,2866,2800,64,PA,24,22464,910
192.168.167.254,211.77.55.108,50232,443,TCP,766,700,64,PA,24,22464,911
211.77.55.108,192.168.167.254,443,50232,TCP,66,0,121,A,16,882,912
211.77.55.108,192.168.167.254,443,50232,TCP,66,0,121,A,16,877,913
211.77.55.108,192.168.167.254,443,50232,TCP,66,0,121,A,16,875,914
211.77.55.108,192.168.167.254,443,50232,TCP,1544,1478,121,PA,24,882,915
211.77.55.108,192.168.167.254,443,50232,TCP,93,27,121,PA,24,882,916
192.168.167.254,211.77.55.108,50232,443,TCP,66,0,64,A,16,22453,917
192.168.167.254,211.77.55.108,50232,443,TCP,66,0,64,A,16,22453,918
192.168.167.52,192.168.167.254,2352,80,TCP,60,0,64,A,16,512,919
192.168.167.254,192.168.167.52,80,2352,TCP,54,0,64,R,4,0,920
